Amount,Employee name,Email
$25,First1 Last1,testemail1@fake.com
$20,First2 Last2,testemail2@fake.com
$10,First3 Last3,testemail3@fake.com
10,First4 Last4,testemail4@fake.com
10,First5 Last5,testemail5@fake.com
10,First6 Last6,testemail6@fake.com
10,First7 Last7,testemail7@fake.com
10,First8 Last8,testemail8@fake.com
10,First9 Last9,testemail9@fake.com
10,First10 Last10,testemail10@fake.com
10,First11 Last11,testemail11@fake.com
10,First12 Last12,testemail12@fake.com
10,First13 Last13,testemail13@fake.com
15,First14 Last14,testemail14@fake.com